Tipo,Nombre,Año,Mes,Id
Short,Shulie,2015,4,tt0177220
Movie,Snowblind,2015,No Info,tt0297400
Movie,Chatô: O Rei do Brasil,2015,11,tt0337926
Movie,Transeúntes,2015,4,tt0346045
Movie,The Stanford Prison Experiment,2015,7,tt0420293
Movie,High-Rise,2015,6,tt0462335
Movie,The Man Who Knew Infinity,2015,7,tt0787524
Movie,Miles Ahead,2015,4,tt0790770
Movie,The Danish Girl,2015,1,tt0810819
Movie,Chooriyan,2015,6,tt0977643
Movie,Soapte de amor,2015,4,tt0191476
Short,Prozac tango,2015,11,tt0420097
Movie,Ant-Man,2015,7,tt0478970
Movie,The Wedding Ringer,2015,3,tt0884732
Short,Publicité SAAQ - campagne publicitaire sur les drogues au volant (Pigeon),2015,4,tt10005306
Movie,Jurassic World,2015,6,tt0369610
Short,Oscar Buzz,2015,12,tt10004934
Short,Puppet Show,2015,No Info,tt10010290
Short,Endless Night,2015,9,tt10025766
Short,Step into the Woods,2015,No Info,tt10036756
Short,The First Act,2015,12,tt10056262
Movie,Child 44,2015,5,tt1014763
Short,Barstools,2015,4,tt10156088
Short,Flagrante - Canal Mosaico,2015,No Info,tt10212826
Movie,Jackson Arms,2015,10,tt0850678
Movie,Wazir,2016,1,tt0315642
Movie,American Pastoral,2016,12,tt0376479
Movie,The History of Love,2016,1,tt0443533
Movie,"Tak erkir, tsurt dzmer",2016,5,tt0470936
Movie,"Hail, Caesar!",2016,2,tt0475290
Movie,Silence,2016,2,tt0490215
Movie,Nina,2016,4,tt0493076
Movie,Retreat!,2016,8,tt0838194
Movie,Gangster Kittens,2016,12,tt0918520
Movie,The Legend of Tarzan,2016,7,tt0918940
Movie,The Man in the Silo,2016,1,tt0932667
Movie,Pelé: Birth of a Legend,2016,5,tt0995868
Short,The Sexlife of a Chair,2016,10,tt0357159
Short,Cowboys: Outrage!,2016,10,tt0359111
Short,Cowboys: That's Nothin',2016,10,tt0359113
Short,Cowboys: The Conformist,2016,10,tt0359114
Short,The Ten Commandments Number 5: Thou Shalt Not Kill,2016,10,tt0373361
Short,Nonkina tosan Yamazaki kaido,2016,11,tt0422842
Short,Career Day,2016,No Info,tt0461165
Movie,Have You Seen Me?,2016,No Info,tt0765453
Movie,Manhattan Minutiae,2016,5,tt0821486
Movie,Maximum Ride,2016,8,tt0825283
Movie,Pee-wee's Big Holiday,2016,3,tt0837156
Movie,The Unlikely's,2016,No Info,tt0906327
Movie,Aman Ke Farishtey,2016,5,tt0364201
Movie,Cell,2016,6,tt0775440
Movie,Warcraft,2016,5,tt0803096
Movie,Travis,2016,5,tt0848554
Short,The Bystander,2016,8,tt10008924
Short,Dagudu Muthalu,2016,No Info,tt10069270
Short,"Anyone, Anywhere",2016,No Info,tt10079626
Short,Jinglehiemer's Candy Factory,2016,10,tt10094370
Movie,Amacabra - The Metempsychosis of Justine S.,2016,10,tt10115340
Short,Hitori Kakruenbo,2016,5,tt10129796
Short,Hitori Kakurenbo,2016,11,tt10133748
Short,Out All Night Chapter 7: The Replacement Driver,2016,6,tt10132992
Short,L'amorte,2016,4,tt10152638
Movie,Trivikraman,2016,12,tt10170038
Short,Speculo,2016,12,tt10182282
Short,Bella,2016,12,tt10177034
Short,Trapped,2016,12,tt10189756
Movie,Beyond the Wall of Fear,2016,5,tt10207660
Short,House Sitting,2016,10,tt10229916
Movie,Ling Hun Zhi Zha Dian,2016,12,tt10236434
Short,The Hardy Boys: Dead Man's Cave,2016,1,tt10036220
Short,The Hardy Boys: End of the Line,2016,11,tt10039628
Short,When the Phantom Strikes,2016,7,tt10061690
Short,Red Seed,2016,12,tt10101362
Short,Red Seed,2016,12,tt10106344
Short,The Girl of My Newfound Friend,2016,3,tt10128650
Short,Quac - Quando un'anatra compare,2016,No Info,tt10152110
Movie,Rouge comme le sang,2016,3,tt10167418
Short,The Story,2016,5,tt10002588
Short,Below the Storm,2016,9,tt10009472
Short,The White Cat,2016,1,tt10015728
Movie,Quan jia fu,2017,10,tt0087963
Movie,La telenovela errante,2017,9,tt0100275
Movie,Joe Finds Grace,2017,4,tt0137204
Short,Reading Between the Lines,2017,10,tt0269768
Movie,The Only Living Boy in New York,2017,8,tt0460890
Movie,Tulip Fever,2017,8,tt0491203
Movie,Suburbicon,2017,11,tt0491175
Movie,Rings,2017,2,tt0498381
Movie,Caravaggio and My Mother the Pope,2017,12,tt0825334
Movie,Krystal,2017,4,tt0835802
Movie,The Dot Man,2017,No Info,tt0874268
Movie,Bunyan and Babe,2017,1,tt0331314
Movie,CHIPS,2017,3,tt0493405
Movie,Joe Dick,2017,1,tt0937225
Movie,Wonder Woman,2017,6,tt0451279
Movie,Justice League,2017,11,tt0974015
Movie,Green Brothers,2017,10,tt10010820
Short,Red Wrath,2017,11,tt10015186
Movie,Nagarsevak - Ek Nayak,2017,3,tt10028030
Short,Spider-Man Fan Film - Film Form Studios,2017,9,tt10042774
Short,The Case,2017,12,tt10061574
Short,Mirror Mirror,2017,4,tt10068922
Short,Winner,2017,9,tt10074884
Short,A World Without Flame,2017,4,tt10085248
Movie,The War of Godzilla 2,2017,9,tt10106144
Short,Instagore,2017,5,tt10106644
Short,DOJO,2017,11,tt10110808
Movie,Khayyum Bhai,2017,6,tt10133528
Short,Excalibur Too,2017,12,tt10022382
Short,Lunacy,2017,9,tt10038742
Short,It's Lonely Down Here,2017,4,tt10054268
Short,Hannah,2017,12,tt10054752
Movie,The Girl From Future,2017,12,tt10077598
Short,Leveler,2017,1,tt10079878
Short,Halloween Metal Detecting,2017,10,tt10102186
Short,Cheetah Run,2017,12,tt10100980
Short,Through the Pages,2017,10,tt10103384
Short,SOL: Soldier of Love,2017,8,tt10111472
Short,Ancien to Mahou no Tablet: Mou Hitotsu no Hirune Hime,2017,3,tt10121742
Short,Lords of the Table,2017,No Info,tt10131136
Movie,"Ni hao, xi xue gui xiao jie",2017,6,tt10147270
Movie,Bigfoot,2017,11,tt0112502
Movie,The Evil Within,2017,8,tt0339736
Movie,Sludge,2017,9,tt0451201
Movie,Kyodai,2017,3,tt10028240
Short,Asylum,2017,3,tt10033410
Movie,Inside the Walls,2017,No Info,tt10045134
Short,Utanför,2017,6,tt10071582
Short,Bedtime,2017,7,tt10071946
Short,Rabbit's Blood,2017,8,tt10073818
Short,Brainstorm,2017,12,tt10037098
Short,So You Want To Be A Writer?,2017,11,tt10050010
Short,Blue Blood,2017,5,tt10084288
Short,Ploy,2017,5,tt10101516
Short,La frontière,2017,11,tt10148098
Short,The Last Paradox,2017,8,tt10155592
Short,Ramp,2017,No Info,tt10196218
Movie,Songez au Solide,2017,No Info,tt10213512
Short,El Casero,2017,11,tt10223518
Short,L'Antichambre,2017,10,tt10235536
Short,Man on the Sand,2017,No Info,tt10245946
Movie,The Other Side of the Wind,2018,11,tt0069049
Movie,Reverse Heaven,2018,11,tt0192528
Movie,To Chase a Million,2018,No Info,tt0276568
Movie,Aamaar Bhuvan,2018,12,tt0328810
Movie,Fahrenheit 451,2018,5,tt0360556
Movie,Nappily Ever After,2018,9,tt0365545
Movie,A Million Little Pieces,2018,12,tt0427543
Movie,Back Roads,2018,12,tt0972544
Movie,A Thin Life,2018,1,tt0111414
Movie,Super Troopers 2,2018,4,tt0859635
Short,Spice du Jour - Rencontre avec Nathan Bright B.C,2018,2,tt10003672
Short,Crossing: 2036,2018,12,tt10003376
Movie,Stage 3,2018,7,tt10018116
Short,Runner,2018,12,tt10028626
Short,Moonwalk with Me,2018,10,tt10009596
Short,Stuck,2018,7,tt10015262
Short,Laws of Being a Socialite,2018,11,tt10015572
Short,Assunta,2018,8,tt10045172
Short,Pingpang,2018,No Info,tt10047028
Short,Lost,2018,10,tt10055934
Short,Hopscotch,2018,7,tt10073252
Short,Out in the Woods,2018,11,tt10074248
Movie,Paracelso,2018,11,tt10074540
Movie,Dukun,2018,4,tt0862930
Short,Nekro,2018,No Info,tt10005004
Short,Cut,2018,7,tt10004942
Short,On Off,2018,10,tt10005740
Short,My Dear Work,2018,No Info,tt10010424
Short,Similitude,2018,10,tt10011128
Short,The Cult,2018,10,tt10016126
Short,Attack of the Were-Devil-Lizard,2018,5,tt10019036
Short,Mr Urde,2018,No Info,tt10026802
Movie,Onsen shikabane geisha,2018,3,tt10027474
Short,Deja Vu,2018,11,tt10031930
Short,Worship Me,2018,9,tt10039390
Short,De oom op zoek naar mysterie (The Uncle in Search of Mystery),2018,5,tt10039976
Short,Murderabilia,2018,11,tt10042462
Short,In Dark,2018,12,tt10048938
Movie,Jeremiah's Woods,2018,2,tt10052452
Short,Safe Space,2018,10,tt10054902
Short,MasqeD,2018,6,tt10059452
Movie,Second Hand Store Horror Tales,2018,10,tt10060902
Short,A Tap At The Window,2018,8,tt10071592
Movie,Dr Prasad c/o sitara,2018,No Info,tt10066396
Short,The Mind's Eye,2018,8,tt10006452
Short,Apartamento 4,2018,10,tt10009798
Short,I Love When You Sing to Me,2018,2,tt10022338
Short,Las fotos de comunión,2018,5,tt10026892
Short,Doppelganger,2018,No Info,tt10040988
Movie,Eises Kälte - Frozen in Time,2018,11,tt10047356
Short,What is Happening,2018,2,tt10056534
Short,Ajay,2018,No Info,tt10060776
Short,The Hatstand,2018,8,tt10071236
Short,Real,2018,No Info,tt10077596
Short,Funeral,2018,No Info,tt10084868
Short,Dream of Blood and Soul,2018,11,tt10100142
Short,Meddling With Destiny,2018,5,tt10111124
Short,Underfoot,2018,6,tt10115210
Short,Form 1,2018,5,tt10002400
Movie,When I Became a Butterfly,2018,12,tt10004396
Short,Parallel Tracks,2018,7,tt10005652
Short,Last Dial,2018,8,tt10006114
Short,The Demon's Slave,2018,7,tt10009220
Short,Silk,2018,No Info,tt10014488
Short,Eddy,2018,11,tt10026970
Movie,Super Sketch,2018,6,tt10034236
Short,Shadow of Hell,2018,10,tt10038056
Short,Sin vuelta atrás,2018,6,tt10045084
Movie,Lo peor de los deseos,2018,11,tt10043990
Movie,La fête espagnole,2019,1,tt0011216
Movie,Sha Ou,2019,4,tt0083060
Movie,Mariette in Ecstasy,2019,11,tt0116991
Movie,Wo men fu fu zhi jian,2019,4,tt0339917
Movie,Motherless Brooklyn,2019,12,tt0385887
Movie,Danger Close: The Battle of Long Tan,2019,8,tt0441881
Movie,The Last Full Measure,2019,7,tt0783640
Movie,The Dirt,2019,3,tt0800325
Movie,Dirt Music,2019,10,tt0810836
Movie,Bolden,2019,5,tt0858419
Short,Kissing Carmen,2019,No Info,tt10001012
Movie,Mistero di un Impiegato,2019,2,tt10001116
Short,DNA,2019,No Info,tt10001866
Short,Where Were You,2019,10,tt10005030
Short,Okay,2019,2,tt10003808
Movie,Adalat,2019,3,tt10003792
Movie,Shazam!,2019,4,tt0448115
Movie,Tötet nicht mehr,2019,No Info,tt0011801
Movie,Alita: Battle Angel,2019,2,tt0437086
Short,Skillet,2019,5,tt10004182
Short,Solar,2019,No Info,tt10003668
Movie,Aporia,2019,11,tt10004944
Movie,"In Our Blood - Sin Límite, Marc Márquez",2019,3,tt10008602
Short,The Coven,2019,4,tt10003442
Short,Dungeons & Drag Queens: Quest for the Golden Wig of Enlightenment,2019,No Info,tt10004918
Short,El Barber,2019,2,tt10006640
Short,Innsmouth x,2019,11,tt10006124
Short,Who Let the Taxidermy Out?,2019,3,tt10008568
Short,Passage,2019,3,tt10013050
Short,Stormy,2019,No Info,tt10011986
Short,Cufarul,2019,1,tt10014054
Movie,My Neighbor Wants Me Dead,2019,3,tt10011244
Short,Chimes of Love and Death,2019,No Info,tt10011116
Movie,Pet Sematary,2019,4,tt0837563
Short,Ruckers Tomb,2019,3,tt10005008
Short,She Must Vanish,2019,8,tt10006382
Movie,Snatchers,2019,2,tt10009030
Short,Like a Virus,2019,10,tt10008480
Short,Peopling,2019,No Info,tt10008800
Short,The Loop,2019,11,tt10009718
Short,The Knifeman,2019,No Info,tt10011456
Short,'til Death Do Us Part,2019,2,tt10013424
Movie,Forest of the Dead Sharks,2019,3,tt10015432
Short,Alien: Harvest,2019,4,tt10015040
Movie,Death Whisper,2019,4,tt10015812
Short,Exiled from Eden,2019,5,tt10015026
Short,The Visit,2019,5,tt10014926
Short,Grandma,2019,1,tt10015792
Short,Captured,2019,3,tt10016184
Short,Ludere,2019,6,tt10004822
Short,The Shoes,2019,6,tt10008974
Short,Rideshare,2019,11,tt10009908
Short,Piercing Stillness,2019,4,tt10014298
Movie,Five Million Dollar Life,2019,7,tt10015418
Short,Pash,2019,5,tt10014644
Short,Rencontre,2019,3,tt10003916
Short,Verdad o Atrevimiento,2019,No Info,tt10006192
Movie,A Christmas Prince: The Royal Baby,2019,12,tt10006006
Short,All Tied Up,2019,2,tt10010132
Short,Disquiet,2019,12,tt10004258
Short,Witness to Murder,2019,3,tt10005506
Short,Voiceless,2019,12,tt10002568
Short,Premonition,2019,3,tt10003982
Movie,Paradise,2019,4,tt10004574
Short,The Truth The Whole Truth and Nothing is The Truth,2019,No Info,tt10006470
Short,Confession,2019,No Info,tt10004580
Short,Motel,2019,6,tt10006258
Short,Night Out,2019,9,tt10004884
Short,Partir de cero,2019,3,tt10007968
Movie,El Tango del Viudo y Su Espejo Deformante,2020,2,tt0062336
Movie,Love & Orgasms,2020,7,tt0383477
Movie,Surviving in L.A.,2020,8,tt0446792
Movie,Duel of Legends,2020,8,tt0849437
Movie,Lost Girls and Love Hotels,2020,9,tt0920462
Short,OFUKU: Separation,2020,12,tt10005120
Movie,Jak najdalej stad,2020,8,tt10004368
Movie,Kala azar,2020,8,tt10006160
Short,Hear a No,2020,9,tt10006262
Short,Satisfaction,2020,No Info,tt10003588
Movie,The Rental,2020,7,tt10003008
Short,The Last Queen on Earth,2020,8,tt10005772
Short,They Never Lie,2020,11,tt10008112
Short,For the Best,2020,6,tt10010434
Short,Salvage,2020,3,tt10010422
Movie,The Witches,2020,11,tt0805647
Short,Paranoia Tapes: URBAN LEGEND,2020,2,tt10005078
Short,Like.Share.Repost.,2020,4,tt10011184
Short,Daily Bus,2020,No Info,tt10014322
Movie,The Big 3,2020,4,tt10015802
Movie,Road to Red,2020,1,tt0926132
Movie,Fantasy Island,2020,2,tt0983946
Movie,Hunted,2020,9,tt10011228
Movie,Seeru,2020,2,tt10022990
Movie,Block Z,2020,1,tt10044182
Short,War Gene,2020,No Info,tt10054454
Movie,Unhinged,2020,7,tt10059518
Movie,Range of Sniper,2020,6,tt10082520
Movie,La terre et le sang,2020,4,tt10092752
Short,Evade short film,2020,8,tt10096204
Movie,The Glint of Darkness: Revolution,2020,12,tt10096114
Movie,Guai wu xian sheng,2020,8,tt10097484
Movie,Gripped: Climbing the Killer Pillar,2020,8,tt10097958
Short,1717 Primrose,2020,3,tt10014774
Movie,Made in Abyss: Fukaki Tamashî no Reimei,2020,1,tt10068916
Short,Bossy,2020,6,tt10098084
Movie,Grizzly II: The Predator,2020,1,tt0093119
Movie,Seeds,2020,8,tt10003994
Movie,Sacrifice,2020,10,tt10004108
Short,She of the Land,2020,9,tt10013898
Movie,A Deadly Legend,2020,7,tt10021582
Short,Phone Home,2020,10,tt10020730
Movie,Faces of Fear,2020,9,tt10030150
Short,The Jingle,2020,No Info,tt10042490
Short,Feeder,2020,7,tt10058876
Movie,Antebellum,2020,9,tt10065694
Movie,Ya ne splyu,2020,6,tt10066432
Movie,VHS Violence II: VHS and KILL,2020,No Info,tt10078206
Movie,Celluloid Slaughter,2020,1,tt10079028
Short,Kissed,2020,7,tt10080856
Short,Roseblood,2020,9,tt10092516
Short,32 Goldfish,2020,2,tt10065208
Short,Cuckoo Roller,2020,6,tt10098068
Movie,Conversaciones,2020,11,tt10106082
Short,John Mortonson's Funeral,2020,6,tt10116558
Short,Dusters,2020,10,tt10130964
Movie,The Quarry,2020,4,tt10151054
Movie,The Maid,2020,7,tt10147910
Short,Drop,2020,10,tt10023074
Movie,Passion simple,2020,8,tt10023172
Movie,Sweet Face,2020,2,tt10022726
Movie,Love Aaj Kal,2020,5,tt10023024
Movie,El verano que vivimos,2020,12,tt10042590
Movie,Luxor,2020,11,tt10039524
Short,Entree Des Artists,2020,No Info,tt10050326
Movie,James & Pat & Dave,2020,2,tt10049262
Short,Allan Ellen,2020,10,tt10055872
Short,Inner Self,2020,11,tt10058946
Movie,Classic Again,2020,2,tt10075442
Short,Romance Story,2020,9,tt10080196
Movie,Wild Grass,2020,8,tt10080092
Movie,What Men Don't Know About Women,2020,8,tt10085194
Movie,Kokon,2020,7,tt10107222
Short,Farvel Søde,2020,No Info,tt10005988
Short,Sins Unveiled,2020,No Info,tt10038014
Movie,Looking for Mr. Wonderful,2020,3,tt10044040
Short,One New Follower,2020,2,tt10048032
Movie,Curveball,2020,9,tt10051088
Short,The Slum boy,2020,4,tt10054424
Movie,Cortex,2020,10,tt10056224
Short,Braxton,2020,6,tt10054690
Movie,Zero Distance,2020,7,tt10054876
Movie,Guilty,2020,3,tt10062614
Movie,Cyberlante,2020,9,tt10063580
Movie,Breaking Surface,2020,2,tt10081762
Video Game,Final Fantasy XV,2016,11,tt0960140
Video,Thin Walls,2016,6,tt10101700
Music Video,Peter Pan Complex: Scissors,2016,7,tt10026912
TV Mini Series,Fast Heroes Sixty,2017,8,tt10033654
Video Game,Disassembly 3D,2017,12,tt10052610
TV Movie,Myth or Monster,2017,10,tt10024352
TV Mini Series,Crypt TV - Get Out - Meeting His Parents,2017,2,tt10004748
TV Movie,A New Menace,2018,6,tt10004316
Video,The Last Job,2018,5,tt10005386
Video,Baby Brother,2018,_,tt10006288
Video Game,World of Final Fantasy Maxima,2018,11,tt10010924
Video,I Know Why You Run,2018,9,tt10005528
TV Movie,Eine geschlossene Gesellschaft,2019,10,tt0129960
Short,The dolls sight,2015,2.0,tt10162952
Movie,Chandrika,2015,9.0,tt10162794
Movie,The Forest of Iron,2015,8.0,tt10183850
Short,Inergia: Sintiencia al vacío,2015,10.0,tt10191788
Short,Incubu - Canal Mosaico,2015,No Info,tt10212882
Short,Almas Cadentes - Canal Mosaico,2015,No Info,tt10222506
Short,Zombies 1985,2015,9.0,tt10228922
Short,Satanic Sounds of The 70's,2015,2.0,tt10237576
Short,Looner,2015,1.0,tt10254886
Short,Play with Artem in Slender Claustrophobia,2015,10.0,tt10270280
Short,I Saw You,2015,10.0,tt10269814
Short,Fhtagn,2015,10.0,tt10269796
Short,Don't Turn Around,2015,7.0,tt10269854
Short,Halloween,2015,10.0,tt10279522
Movie,Poltergeist,2015,5.0,tt1029360
Short,The Sucession,2015,11.0,tt10294660
Short,Killer Charm,2015,7.0,tt10336440
Short,Handjob Cabin,2015,10.0,tt10346304
Movie,Alalá,2016,9.0,tt10005130
Movie,La notte è piccola per noi,2016,3.0,tt10006056
Short,Cynical Annihilation: Pandora's Box,2016,11.0,tt10386196
Movie,Yaduugiin Zovlon II,2016,4.0,tt10393494
Movie,Felak,2016,No Info,tt10392542
Short,House Warming Gift,2016,10.0,tt10422350
Movie,E ling zhi men,2016,1.0,tt10432954
Movie,Wan ming ju zu,2016,9.0,tt10432960
Short,Introverts Anonymous,2017,9.0,tt10008900
Movie,"Pororo, Dinosaur Island Adventure",2017,12.0,tt10156578
Short,Don't Look,2017,No Info,tt10125548
Short,Hunted,2017,6.0,tt10127166
Short,Plumbing,2017,10.0,tt10135214
Short,Women of Trump's America,2017,10.0,tt10140220
Short,Six,2017,11.0,tt10150322
Short,Sunita 2,2017,3.0,tt10147114
Short,Lost Soul,2017,1.0,tt10147956
Short,Sunita,2017,7.0,tt10150414
Short,The Walk,2017,11.0,tt10151342
Short,Leave 2,2017,6.0,tt10155418
Short,Alter,2017,12.0,tt10177210
Short,Blund's Lullaby,2017,9.0,tt10195206
Short,Shutter,2017,12.0,tt10005012
Movie,Rangu,2018,11.0,tt10045014
Short,Avelino,2018,5.0,tt10089670
Short,Persephone,2018,9.0,tt10117110
Short,Laure,2018,3.0,tt10120162
Short,The Alchemist,2018,No Info,tt10118380
Short,Aquarium,2018,5.0,tt10129410
Short,Hourglass,2018,11.0,tt10131252
Short,Maltesiske Fenomener,2018,12.0,tt10131392
Short,Red,2018,No Info,tt10161832
Movie,Sappe,2018,No Info,tt10178206
Movie,The Frozen Maze,2018,4.0,tt10178906
Short,Kim Bush's Abduction,2018,12.0,tt10184210
Short,Nooskool,2018,4.0,tt10192860
Short,Multiply,2018,11.0,tt10069456
Short,One Night: Ek Raat,2018,10.0,tt10071580
Short,Catastrophe Loss,2018,12.0,tt10080758
Short,Bias,2018,6.0,tt10080940
Movie,MacGuffin,2018,12.0,tt10086764
Short,Within,2018,No Info,tt10083928
Short,Polyfilia,2018,9.0,tt10089158
Short,Finite,2018,3.0,tt10090066
Short,Good Friends,2019,No Info,tt10005850
Movie,Child of Wisdom,2019,No Info,tt10003990
Short,Melodrama,2019,No Info,tt10005360
Movie,Jadugar 2,2019,2.0,tt10003806
Short,Instrucciones para empezar a hablar gallego,2019,3.0,tt10002544
Movie,The Sholay Girl,2019,3.0,tt10011102
Short,Pigmento,2019,3.0,tt10022002
Short,Noc v Mariandu,2019,2.0,tt10024186
Short,Oh Baby!,2019,7.0,tt10026768
Short,Wala Bulak Kung Hapon,2019,3.0,tt10027066
Movie,Kanchani Aaj Bhi Hai,2019,7.0,tt10026190
Short,Radio Silence,2019,5.0,tt10026764
Short,Coming of Age,2019,3.0,tt10028422
Short,The Collector,2019,6.0,tt10028762
Short,Starcadian: Freak Night,2019,4.0,tt10032658
Short,Nessuno lasci la stanza,2019,3.0,tt10023328
Short,Subject/Object,2019,4.0,tt10012672
Movie,Obstáculos Orgullo Y Recompensa,2019,3.0,tt10014616
Short,Paranoid,2019,4.0,tt10016138
Short,Norah,2019,3.0,tt10015500
Short,Hanging on a Telephone,2019,No Info,tt10014580
Short,Toilet of Satan,2019,3.0,tt10015596
Short,Cirque,2019,No Info,tt10016452
Movie,Clean,2020,1.0,tt10023022
Movie,Ringolevio,2020,11.0,tt10027720
Short,Nairobi,2020,6.0,tt10028420
Movie,Asia,2020,6.0,tt10032266
Short,The Color of Midnight,2020,9.0,tt10032670
Short,Whenever You're Ready,2020,4.0,tt10032352
Short,Aur Kitna Time Lagega,2020,8.0,tt10031320
Short,Pajama Party Work Night,2020,2.0,tt10035666
Movie,LasseMajas detektivbyrå - Tågrånarens hemlighet,2020,2.0,tt10039354
Movie,Guest House,2020,9.0,tt10054316
Movie,Girlfriend's reunited,2020,7.0,tt10054604
Movie,Tribal Get Out Alive,2020,8.0,tt10126136
Movie,Bronx,2020,10.0,tt10127684
Movie,Malnazidos,2020,3.0,tt10127708
Short,Gambler,2020,5.0,tt10130926
Short,Repentance,2020,11.0,tt10145036
Movie,Behind the Line: Escape to Dunkirk,2020,8.0,tt10148118
Movie,Zuìran de quantou,2020,6.0,tt10147568
Movie,La Liga de los 5,2020,1.0,tt10149080
Short,Ready.Fire.Aim,2020,11.0,tt10151796
Movie,Justice League: Invasion,2020,9.0,tt10152746
Short,The Legend of Stella,2020,2.0,tt10155378
Short,Satan's Seven,2020,1.0,tt10156658
Movie,Force to Fear,2020,7.0,tt10176540
Short,Snake Dick,2020,10.0,tt10110418
Movie,Bad Men from a Melting Moon,2020,3.0,tt10125752
Short,Cosplay,2020,8.0,tt10148264
Short,Nothing Pleases Like Maltesers,2020,9.0,tt10147844
Short,The Fortune Teller,2020,5.0,tt10147438
Short,Hammurabi,2020,No Info,tt10133638
Short,Innocent Boy,2020,2.0,tt10143418
Movie,Y. Köyü Ye'cüc Me'cüc,2020,10.0,tt10144276
Short,His Mother,2020,9.0,tt10170932
Movie,No Man's Truth,2020,7.0,tt10178386
Movie,Dangerous Lies,2020,4.0,tt10183816
Movie,Forensic,2020,2.0,tt10187680
Short,Blue,2020,1.0,tt10192626
Movie,Don't Let Them In,2020,3.0,tt10198072
Movie,The Love Between Us,2020,4.0,tt10198064
Movie,The Method,2020,11.0,tt1020581
Movie,As I Am,2020,2.0,tt10218912
Short,Dirty,2020,1.0,tt10221140
Movie,"Omoi, Omoware, Furi, Furare",2020,8.0,tt10228546
Movie,Sparks,2020,4.0,tt10230010
Movie,My First Summer,2020,3.0,tt10229982
Movie,Still Today,2020,11.0,tt10230492
Movie,"Love, Weddings & Other Disasters",2020,2.0,tt10235718
Movie,The Perfect Mistress IV: Heartbreaker,2020,1.0,tt10247640
Movie,Sex Spirits,2020,9.0,tt10265766
Movie,Coolie No. 1,2020,12.0,tt10280276
Short,The First Noelle,2020,11.0,tt10283376
Short,Love and age,2020,1.0,tt10289870
Movie,Aadya,2020,3.0,tt10111440
Short,Mors Bonum,2020,11.0,tt10116466
Short,We Came From the Sea,2020,9.0,tt10125586
Short,2 Dto,2020,2.0,tt10122314
Movie,Sumaho wo otoshita dake na no ni: Toraware no satsujinki,2020,2.0,tt10127410
Short,On the mind,2020,5.0,tt10135484
Short,Trade,2020,2.0,tt10140946
Short,Tracy Smith: El Tesoro del Abismo Secreto,2015,7.0,tt10014650
Short,Rajawali,2015,No Info,tt10016730
Movie,Goosebumps,2015,2.0,tt1051904
Short,Zombie Love,2015,3.0,tt10529270
Short,CPR,2015,10.0,tt10545478
Short,The Last Night,2015,5.0,tt10545964
Movie,The Young Messiah,2016,3.0,tt1002563
Short,"Panspermia, la semilla del todo",2016,8.0,tt10026354
Short,Unfriended,2016,4.0,tt10029286
Short,En El Valle De Gigantes,2016,1.0,tt10044718
Short,88A-12,2016,11.0,tt10066186
Short,Mother Knows Best,2016,4.0,tt10079808
Short,Number 6,2016,12.0,tt10093068
Short,Au bord du gouffre,2016,5.0,tt10121060
Short,When I was born,2016,6.0,tt10127688
Short,Behind,2016,No Info,tt10508734
Short,First Day at Work,2016,12.0,tt10520828
Movie,Hantu Cantik Kok Ngompol,2016,1.0,tt10555688
Short,New Rug,2016,No Info,tt10567906
Movie,Die weiße Frau 3,2016,7.0,tt10583610
Movie,Wu ye xun fang lu,2016,4.0,tt10587418
Short,The Haunted Ambulance,2016,5.0,tt10601458
Short,Daddy Red Face,2016,11.0,tt10659308
Short,Bat Country,2016,10.0,tt10659016
Short,An Apple a Day,2016,11.0,tt10666668
Short,Kauneusleikkaus,2016,11.0,tt10712314
Short,Toc Toc,2016,5.0,tt10749854
Movie,Riktha,2016,11.0,tt10756546
Movie,Gui ding can,2016,No Info,tt10782192
Short,Naimisham,2016,11.0,tt10287470
Movie,The 45,2016,No Info,tt10037562
Movie,Dhingana,2017,12.0,tt10011206
Short,Red Hood Uprising,2017,12.0,tt10162544
Short,Dancer In The Pocket,2017,5.0,tt10165044
Short,Fantome,2017,6.0,tt10228386
Short,X,2017,10.0,tt10230628
Short,Crypt TV: Telos - Wishmaker,2017,5.0,tt10249664
Short,Don't Say These Words,2017,10.0,tt10260108
Short,Behemot,2017,7.0,tt10062204
Short,The Bellerose Resort,2017,3.0,tt10064464
Short,Harry & The Briefcase,2017,4.0,tt10077486
Short,Il resort,2017,7.0,tt10094262
Short,The Call,2017,2.0,tt10094354
Short,The Promise,2018,10.0,tt10006684
Short,Two-Sixteen,2018,No Info,tt10069082
Short,The Elixar of Life,2018,No Info,tt10147582
Short,Utka,2018,7.0,tt10151120
Short,Perpetua,2018,2.0,tt10157722
Short,Personal Issues,2018,10.0,tt10155128
Movie,Cirque du Soleil: KURIOS - Cabinet of Curiosities,2018,11.0,tt10160782
Short,Pizza the Musical,2018,No Info,tt10163364
Short,The Bad Trip,2018,10.0,tt10091910
Short,Lady of the Lake,2018,10.0,tt10094724
Short,The Feminine Mystaque,2018,12.0,tt10095620
Short,You Can Run,2018,10.0,tt10101188
Short,Amelia,2018,10.0,tt10100660
Short,The Affliction Table,2018,9.0,tt10103344
Short,"I Was Embers, Now I Am Fire",2018,10.0,tt10108994
Short,Mama,2018,11.0,tt10109770
Short,One Piece,2018,11.0,tt10109772
Short,Jimmy,2018,1.0,tt10112018
Short,Listen,2018,10.0,tt10111712
Short,Feed Me,2018,No Info,tt10115370
Short,Mystery Ten,2018,12.0,tt10200672
Short,Moricand in Belleville,2018,6.0,tt10204862
Movie,Ghostmist Island,2018,6.0,tt10217452
Short,Parked,2018,12.0,tt10110848
Short,No Moon Coming Soon,2018,10.0,tt10112500
Short,Play,2018,7.0,tt10120130
Short,Breathe,2018,4.0,tt10119044
Short,Beyond This Room,2018,5.0,tt10126838
Short,Tajo Rebosante,2018,12.0,tt10135720
Movie,Chuzhaya zhizn,2018,9.0,tt10140912
Movie,Indemnity,2018,11.0,tt10148772
Short,Into the Belly of Beijing,2018,6.0,tt10155924
Short,If We Have Next Life,2018,No Info,tt10166752
Movie,Jagtsæson,2019,10.0,tt10006270
Short,Erewhile,2019,3.0,tt10003866
Short,NYET! - a Brexit UK Border Farce,2019,3.0,tt10003014
Short,Guilty Bunch of Flowers,2019,4.0,tt10002862
Movie,'P' fung bou,2019,4.0,tt10017680
Short,Chifoumi,2019,No Info,tt10026166
Short,Missio: I See You,2019,4.0,tt10024774
Short,Mortuary,2019,12.0,tt10037514
Short,Wicken,2019,10.0,tt10037604
Short,Blood Feast,2019,10.0,tt10038258
Movie,Killer's Whisper,2019,7.0,tt10037836
Movie,Countdown,2019,10.0,tt10039344
Movie,Tokyo Necronomicon,2019,8.0,tt10039152
Short,Daughters of Wolbachia,2019,4.0,tt10042368
Short,Vortex,2019,3.0,tt10042406
Movie,Trouble Makers,2019,1.0,tt10009342
Short,Written Words,2019,12.0,tt10023296
Movie,Nemesis,2019,8.0,tt10022974
Short,Redemption,2019,No Info,tt10021940
Short,Bad Dream,2019,3.0,tt10026214
Movie,El Suspiro del Silencio,2020,12.0,tt10043458
Movie,A Escritora,2020,7.0,tt10039584
Movie,Gonarezhou: The Movie,2020,2.0,tt10041978
Movie,They Who Surround Us,2020,8.0,tt10042622
Short,The Aboves and the Belows,2020,12.0,tt10047998
Movie,Youngest,2020,No Info,tt10055892
Movie,Star Wars: Battle for the Holocrons,2020,7.0,tt10239898
Movie,Agent Jade Black,2020,1.0,tt10275080
Movie,Reel 2,2020,3.0,tt10196578
Movie,The Inheritance,2020,4.0,tt10204512
Movie,Paranormal Attraction,2020,10.0,tt10223876
Short,Dismembered,2020,2.0,tt10228096
Movie,The Devils Heist,2020,2.0,tt10229550
Movie,The Dark and the Wicked,2020,12.0,tt10229558
Movie,Ghost Stories,2020,1.0,tt10230404
Movie,Don't Click,2020,12.0,tt10234450
Movie,Transference,2020,8.0,tt10234470
Movie,Kaali Khuhi,2020,10.0,tt10235600
Movie,Boys from County Hell,2020,8.0,tt10262380
Short,He Comes From A Good Family,2020,No Info,tt10260568
Movie,All for Gods,2020,10.0,tt10260466
Short,Black Mass,2020,3.0,tt10264142
Short,Night Bus,2020,9.0,tt10262428
Short,Patrick is outside,2020,1.0,tt10260714
Movie,Way to Paris,2020,No Info,tt10262390
Movie,Light from the Tower,2020,4.0,tt10264340
Movie,Five Nights at Freddy's: Demons of the Past,2020,8.0,tt10266862
Movie,The Father,2020,8.0,tt10272386
Movie,Woe,2020,9.0,tt10269684
Short,The Devil's Tail,2020,No Info,tt10299280
Short,How Can I Forget,2020,6.0,tt10307764
Movie,Shubh Mangal Zyada Saavdhan,2020,2.0,tt10309906
Short,Synthetic Sati,2020,No Info,tt10313944
Movie,The Christmas Project 2,2020,9.0,tt10328320
Short,Transgress,2020,No Info,tt10156392
Short,Fuel,2020,8.0,tt10155872
Short,Crimson Cuffs,2020,3.0,tt10166768
Movie,Psychopomp,2020,12.0,tt10172986
Movie,Chop Chop,2020,10.0,tt10171876
Short,How to Say I Love You at Night,2020,1.0,tt10180882
Short,Rosie & Me,2015,No Info,tt10003786
Short,The Invite,2015,12.0,tt10005560
Short,Zöld fény,2015,6.0,tt10009920
Short,In the Realms of Good and Evil,2015,3.0,tt10022342
Short,Devil's Side,2015,10.0,tt10037040
Short,No Identity,2016,No Info,tt10010474
Short,Hum Kuchh Keh Na Sake,2016,4.0,tt10007790
Movie,Le sang de la haine,2016,12.0,tt10011146
Movie,Saalaiyoram,2016,4.0,tt10011852
Short,Pool Fart,2016,5.0,tt10011176
Short,Electric Lady,2016,5.0,tt10067210
Short,Chevrolet Malibu: Bundesliga,2016,5.0,tt10079660
Short,Jase Bond - La mort ne meurt jamais,2016,5.0,tt10091376
Movie,Mercenarios en acción,2016,12.0,tt10104138
Movie,Doodh Ka Karz,2016,9.0,tt10102292
Short,The Secret,2016,4.0,tt10121012
Short,Il vizio,2016,4.0,tt10139018
Short,Flicker,2016,No Info,tt10913772
Short,Luz y sombra,2016,6.0,tt10926998
Short,The Basement,2016,9.0,tt10969292
Short,The House at the End,2016,No Info,tt11001584
Short,The Third Night,2016,6.0,tt11020558
Short,Clown Sighting,2016,10.0,tt11040686
Short,The Chair,2016,12.0,tt11053446
Short,Fear of the dark,2016,10.0,tt11062694
Short,Don't Stop,2016,10.0,tt11069416
Short,Jogger's Remorse,2016,10.0,tt11069402
Short,Van,2016,12.0,tt11084490
Short,The Bride of Death,2016,No Info,tt11090890
Short,The Girl from Across the Street,2016,12.0,tt11116124
Short,Vybory,2016,12.0,tt10048900
Short,The Connection,2016,6.0,tt10117348
Short,Four Hundred Ninety-one,2016,6.0,tt10122078
Short,Dead Day,2016,7.0,tt10125598
Short,Twins,2016,6.0,tt10126534
Short,Travail Au Black,2016,2.0,tt10137364
Short,Pijuni,2016,2.0,tt10140934
Short,Bas Paanch Minute,2017,10.0,tt10016710
Short,First Kiss,2017,No Info,tt10016496
Short,Oops,2017,No Info,tt10017062
Short,Vendégszeretet,2017,7.0,tt10017520
Short,You're Going to be Taken,2017,11.0,tt10182094
Short,BorderClash 4: Cognitive Dissonance,2017,6.0,tt10187802
Short,Neon Passion,2018,1.0,tt10004384
Short,Brotherly Love,2018,12.0,tt10005518
Short,A Bloc,2018,6.0,tt10006406
Short,Moscas,2018,12.0,tt10011220
Short,God of War,2018,1.0,tt10084676
Short,Troubleshoot,2018,8.0,tt10094364
Short,Whirlpool,2018,4.0,tt10106154
Short,The Glitch Effect,2018,11.0,tt10110768
Short,Manovra 78,2018,9.0,tt10125346
Short,Gotham Knights: Fighters,2018,9.0,tt10132634
Short,Gotham Knights: All That's Left,2018,9.0,tt10132594
Movie,blockheaDs 3,2018,8.0,tt10129872
Short,Passing,2018,10.0,tt10196802
Short,Del Mictlan Al Omeyohcan,2018,10.0,tt10197688
Short,Memory Swap,2018,12.0,tt10207432
Short,Awakenings,2018,10.0,tt10207358
Short,Renegada (Mezcal el Silencio),2018,4.0,tt10213462
Short,Laid to Rest,2018,8.0,tt10217518
Short,Unstuck,2018,11.0,tt10241386
Short,Snow,2018,No Info,tt10244084
Short,208 Moons,2018,6.0,tt10251796
Short,The Gates,2018,7.0,tt10265616
Short,Portraits of Horror,2018,No Info,tt10126576
Short,Chambre 11,2018,11.0,tt10130148
Short,A Haunting at Bourbon Street Pizza,2018,11.0,tt10135174
Short,Hemmelighedens Skov,2018,7.0,tt10134976
Short,Knock Knock,2018,10.0,tt10135736
Short,The Donation,2018,2.0,tt10141058
Short,Paranormal Factory,2018,12.0,tt10139824
Short,It Comes From,2018,11.0,tt10141346
Short,The Smiling Man,2018,4.0,tt10145302
Short,The Boy - Quran,2018,7.0,tt10148158
Short,Nuisance,2018,10.0,tt10161638
Short,Awake,2018,9.0,tt10161262
Short,Dead to Me,2018,12.0,tt10160908
Short,Tailypo,2018,No Info,tt10162688
Movie,Lost in Time,2018,6.0,tt10260028
Movie,The Guilt II,2018,5.0,tt10260386
Movie,The Guilt I,2018,5.0,tt10260370
Movie,The Guilt III,2018,5.0,tt10260398
Short,Dark Blood,2018,11.0,tt10268246
Short,The Devil's Rebuttal,2018,8.0,tt10275930
Short,Framed,2018,12.0,tt10182568
Short,La corde sensible,2018,4.0,tt10183680
Movie,Robbers 3: Saved in Time,2018,12.0,tt10185098
Short,Breaking Into the Dark,2018,5.0,tt10187166
Short,Sheep and Wolf,2018,12.0,tt10188324
Short,Runaway,2018,No Info,tt10189848
Short,For Ellis,2019,3.0,tt10005262
Short,The Veil Removed,2019,12.0,tt10005520
Short,Riviera,2019,10.0,tt10005516
Short,Destiny,2019,3.0,tt10006180
Short,Along The Line,2019,3.0,tt10005186
Short,Chadwick Manor,2019,3.0,tt10006764
Short,Controlling Intentions,2019,6.0,tt10006412
Short,The Chair,2019,4.0,tt10005028
Short,FantasyLand,2019,1.0,tt10005198
Movie,He's My Daddy Too,2019,11.0,tt10006276
Short,Shakira,2019,12.0,tt10006238
Movie,Barof 2019,2019,2.0,tt10005864
Movie,"In Their Own Words, Billy the Kid & The Lincoln County War",2019,12.0,tt10005378
Movie,Sifir: Etkisiz Eleman,2019,4.0,tt10007352
Short,Modern Art,2019,4.0,tt10006208
Short,Hamsbury Book Club,2019,No Info,tt10006260
Short,Scripture Screw-Up,2019,6.0,tt10008526
Movie,British Bungalow,2019,3.0,tt10050686
Short,Trail Tumble,2019,3.0,tt10051940
Movie,Scare Attraction,2019,10.0,tt10051586
Movie,The Watcher 2,2019,9.0,tt10053426
Short,Caller Unknown,2019,3.0,tt10051882
Short,Girl and a Scar,2019,1.0,tt10056498
Short,SHHHH,2019,8.0,tt10055672
Short,The Offering,2019,9.0,tt10056812
Short,Harvesting the Dead: Interview with Actor Jack Neubeck,2019,2.0,tt10054472
Short,Grieving Process,2019,3.0,tt10055088
Short,The Rave,2019,10.0,tt10058904
Short,Wax,2019,No Info,tt10059626
Short,When I Leave,2019,1.0,tt10058086
Short,A Slowdance With Time,2019,No Info,tt10032402
Short,Roman: What's your 'Unthinkable',2019,9.0,tt10036666
Short,Magritte's Mirror,2019,No Info,tt10036196
Short,Chatline,2019,3.0,tt10037966
Movie,Kader Postasi,2019,12.0,tt10015248
Movie,Jack Lives Alone,2019,10.0,tt10031940
Short,Isaac,2019,4.0,tt10032210
Short,Nice Place,2019,3.0,tt10032716
Short,The Dark Raven,2019,8.0,tt10031542
Short,Una serata tranquilla,2019,3.0,tt10035146
Short,Silver Tongue,2019,3.0,tt10033568
Short,Last Man,2019,3.0,tt10036888
Short,Kurdish Bbq,2019,No Info,tt10039396
Short,Not A Stranger,2019,4.0,tt10038594
Short,A Conscious Mess,2019,No Info,tt10038570
Short,Love Express,2019,3.0,tt10041570
Short,Baa Baa Black Sheep,2019,5.0,tt10041676
Short,Upshot,2019,No Info,tt10042044
Short,Whoever You Want Me to Be,2019,1.0,tt10044748
Short,O Mundo Aqui Dentro,2020,6.0,tt10059532
Short,La Lettre,2020,7.0,tt10059822
Short,Francois,2020,7.0,tt10065226
Movie,Depois de Ser Cinza,2020,10.0,tt10066262
Short,Journey,2020,12.0,tt10069486
Short,Twins,2020,6.0,tt10069650
Short,Footsteps,2020,No Info,tt10073626
Movie,Legjobb tudomásom szerint,2020,12.0,tt10073452
Short,Días Negros,2020,6.0,tt10073872
Movie,La boda de Rosa,2020,11.0,tt10077544
Movie,In a Silent Way,2020,11.0,tt10079448
Short,Break and Run,2020,6.0,tt10085786
Short,Nur ein Augenblick,2020,4.0,tt10092172
Movie,Pink Skies Ahead,2020,10.0,tt10095308
Movie,Manchurian Tiger,2020,No Info,tt10097312
Short,Pipe Dream,2020,6.0,tt10098080
Movie,Losers Revolution,2020,3.0,tt10100678
Movie,Walter,2020,3.0,tt10300704
Movie,Wu jian xing zhe zhi Sheng si qian xong,2020,11.0,tt10300286
Movie,Survive the Night,2020,5.0,tt10303324
Movie,Butai Yu Yu Hakusho,2020,2.0,tt10308500
Movie,Jusqu'au déclin,2020,3.0,tt10307440
Movie,Force of Nature,2020,7.0,tt10308928
Short,Ricky Rodrigo,2020,No Info,tt10308910
Short,Renters,2020,9.0,tt10309086
Movie,Fatman,2020,11.0,tt10310140
Short,The Last Supper,2020,11.0,tt10313256
Movie,Becky,2020,6.0,tt10314450
Movie,Pesti balhé,2020,7.0,tt10319486
Movie,Leo,2020,12.0,tt10324274
Short,Memorial Shattered Dreams,2020,No Info,tt10322276
Movie,Secret Society of Second-Born Royals,2020,9.0,tt10324122
Movie,Comment je suis devenu super-héros,2020,11.0,tt10345590
Short,Pit viper,2020,1.0,tt10346388
Movie,Laxmii,2020,11.0,tt10350922
Movie,Gunjan Saxena: The Kargil Girl,2020,8.0,tt10350626
Short,No Hay Precio,2020,No Info,tt10359014
Short,A King's Life,2020,3.0,tt10367202
Movie,Artist Police,2020,4.0,tt10255854
Movie,Big Feat,2020,8.0,tt10268752
Short,Stump the Guesser,2020,2.0,tt10272208
Short,Penelope and the Doors,2020,No Info,tt10290502
Short,Miracle Milk,2020,10.0,tt10292992
Short,Amoriri,2020,7.0,tt10292872
Short,Extimacy,2020,12.0,tt10298824
Short,Outopia,2020,1.0,tt10298836
Short,Stardust,2020,11.0,tt10309754
Movie,Blithe Spirit,2020,1.0,tt10334148
Short,Gut Punch,2020,5.0,tt10337724
Movie,The Curse and the Covenant,2020,5.0,tt10355356
Movie,L'aventure des Marguerite,2020,7.0,tt10369344
Short,Wrightwood,2020,No Info,tt10299044
Movie,12 Hour Shift,2020,10.0,tt10309552
Short,Bloodshed,2020,8.0,tt10332866
Movie,An Unquiet Grave,2020,6.0,tt10332690
Movie,Remy's Demons,2020,6.0,tt10334998
Movie,The One,2020,1.0,tt10339624
Short,Imaginist,2020,5.0,tt10355494
Movie,The Dinner Party,2020,6.0,tt10358198
Movie,Turn of the Screw,2020,1.0,tt10364478
Movie,Ten Minutes to Midnight,2020,1.0,tt10369866
Movie,The Alcatraz Project,2020,8.0,tt10375080
Movie,Amityville Vibrator,2020,6.0,tt10384472
Short,The Realm Beyond Reason,2020,2.0,tt10384542
Movie,The Dummy Factor,2020,9.0,tt10346366
Movie,Boszorkányház,2020,3.0,tt10345858
Movie,Trail to the Reservoir,2020,12.0,tt10370456
Movie,Aviva,2020,4.0,tt10373830
Movie,Ring by Spring,2020,11.0,tt10379394
Short,Motel 32,2020,7.0,tt10192120
Movie,Alone,2020,7.0,tt10192566
Movie,Mia's M.I.A,2020,No Info,tt10198274
Short,Pins and Needles,2020,12.0,tt10203252
Movie,Once Upon a Time in Indonesia,2020,11.0,tt10200522
Short,New Exodus,2020,No Info,tt10202316
Movie,Bruh.mp4,2020,11.0,tt10204998
Movie,The Voice of Sin,2020,10.0,tt10206818
Movie,Luca,2020,5.0,tt10214754
Movie,Some Southern Waters,2020,10.0,tt10214316
Movie,Longe do Paraíso,2020,12.0,tt10217460
Short,Orchards,2020,1.0,tt10221500
Movie,"Run Wolf, Run",2020,1.0,tt10231822
Movie,Mrs. Serial Killer,2020,5.0,tt10230426
Movie,Class of 83,2020,8.0,tt10230422
Short,Juice,2020,9.0,tt10234620
Movie,Killer Ransom,2020,1.0,tt10238708
Short,Memòries,2015,8.0,tt10008620
Movie,Dangebaaz,2015,8.0,tt10007824
Short,June,2015,6.0,tt10637852
Short,Blackout,2015,6.0,tt10665112
Movie,Mirlos de Arkansas,2015,11.0,tt10669618
Short,The Hitchhiker,2015,No Info,tt10749938
Short,BD Scream 6,2015,11.0,tt10784078
Movie,Cooler Cat Saves the Kids,2015,5.0,tt10795222
Short,Scream Vs. Jason,2015,2.0,tt10819754
Short,Zombooze,2015,11.0,tt10832818
Short,Who was phone man?,2015,7.0,tt10868734
Short,Walkman,2015,7.0,tt10873064
Short,Economía,2015,10.0,tt10880108
Short,O Rastro,2015,8.0,tt10922870
Short,Dirty Paws,2015,5.0,tt10997492
Short,Baby Hands,2015,7.0,tt11044888
Short,Old Ladies Attack,2015,3.0,tt11054008
Short,A Scene from Flesh United,2015,6.0,tt11143102
Short,Meridian Rituals,2015,6.0,tt10320026
Short,Miss Pepper 2016,2016,2.0,tt10016544
Short,Culture Club,2016,7.0,tt10027418
Short,The Last Mission,2016,12.0,tt10204230
Short,Mão Armada - Canal Mosaico,2016,No Info,tt10212910
Movie,Special Forces,2016,2.0,tt10219512
Movie,Made In Maharashtra,2016,7.0,tt10218440
Movie,Lu Mafia Gua Gangster,2016,4.0,tt10222594
Movie,Resbak,2016,1.0,tt10230276
Short,Xlsinyalta : Water Splash,2016,11.0,tt10268538
Short,Pankaj,2016,8.0,tt11133184
Short,Covey Hill,2016,10.0,tt11156470
Short,Axed (Halloween Horror),2016,10.0,tt11181270
Short,Sakrifice,2016,2.0,tt11199874
Short,Serial,2016,No Info,tt11235250
Short,Derelict,2016,4.0,tt11246458
Movie,16 Fight Against Ragging,2016,5.0,tt11248398
Short,The Noise,2016,6.0,tt11262316
Movie,The GSZ Guide to Surviving the Zombie Plague,2016,6.0,tt11332934
Short,Beyond the Gates VHS Board Game Commercial,2016,11.0,tt11388132
Short,Home,2016,10.0,tt11438562
Short,Ronald,2016,9.0,tt11464182
Short,Cicada 3301,2016,11.0,tt11495256
Short,She Calls Softly,2016,1.0,tt11535574
Short,Jessica Blake,2016,No Info,tt11569322
Short,REM,2016,11.0,tt11575130
Short,Ghost Caught on Tape Video 1,2016,3.0,tt11613858
Short,Ghost Caught on Tape,2016,2.0,tt11613948
Short,The thing I can't see,2016,2.0,tt11613598
Short,Ghost Again,2016,3.0,tt11614102
Movie,Dilarang Masuk!,2016,3.0,tt11618124
Short,Anniversary,2016,12.0,tt11634304
Short,Rompecabezas,2016,12.0,tt11644664
Short,Hors-champ,2016,8.0,tt11660922
Movie,Schwarze Messe des Gehirns,2016,11.0,tt11670462
Short,Trans_Human,2016,2.0,tt11708138
Movie,Goa Girls,2016,No Info,tt10066376
Movie,"Taxi, Em Tên Gì?",2016,3.0,tt10075604
Movie,Cho Em Dên Ngày Mai,2016,12.0,tt10078764
Short,Saboteur,2016,11.0,tt10218120
Short,My Little Warrior,2016,4.0,tt10240544
Movie,Superhit,2016,2.0,tt10240904
Short,Walking Alone,2016,8.0,tt10245148
Short,P-5,2016,No Info,tt10263740
Short,Credit,2016,9.0,tt10268156
Short,Conectados,2016,11.0,tt10283900
Short,Blackout,2016,2.0,tt10301868
Short,Je Suis Une Dernière Rencontre,2016,12.0,tt10383522
Short,The Third Floor,2016,3.0,tt10395934
Short,The American Myth,2016,12.0,tt10402320
Short,Erakles,2016,5.0,tt10457478
Movie,Bijini jing hun ye,2016,4.0,tt10457484
Short,Ghost Walk: The Harvest Ball,2017,5.0,tt10004180
Short,Layerr Absolute (TV Commercial),2017,7.0,tt10183684
Short,Féérique,2017,5.0,tt10188460
Movie,Büyü 2,2017,6.0,tt10392490
Short,Hungry Rat,2017,3.0,tt10393028
Movie,Kuyu,2017,3.0,tt10392606
Movie,Morg,2017,11.0,tt10392644
Movie,Iki,2017,8.0,tt10392636
Short,Wail,2017,No Info,tt10394784
Short,Tap Tap Tap,2017,3.0,tt10397966
Short,Escuro,2017,4.0,tt10397616
Short,Memories,2017,10.0,tt10314678
Short,Hledaci Ztracené Historie: Vzkaz Mrtvého Muze,2017,11.0,tt10334460
Short,Ang May Akda (The Author),2017,6.0,tt10363864
Short,The Pursuit of Love,2017,7.0,tt10009896
Short,Sunday Driver,2017,No Info,tt10207522
Short,El Contrato (The Contract),2017,5.0,tt10216976
Short,Conseguenze,2017,12.0,tt10217754
Short,Blood of Thine,2017,11.0,tt10218122
Movie,Gunned Down,2017,7.0,tt1024855
Movie,Sarvasva,2017,10.0,tt10250826
Short,Santapocalypse,2017,12.0,tt10285002
Movie,Monster Mayhem,2017,6.0,tt10293878
Short,Entropía,2017,No Info,tt10294138
Short,Majorennität,2017,6.0,tt10300446
Short,Jade,2017,7.0,tt10306270
Short,Morgellons,2017,10.0,tt10309642
Movie,Gott würfelt nicht nur einmal,2017,9.0,tt10322702
Short,The 48 Laws,2017,5.0,tt10324304
Short,Old Blood,2017,4.0,tt10328928
Short,Highland Shuffle,2017,4.0,tt10328966
Movie,Cold Skin,2017,10.0,tt1034385
Movie,The End,2017,10.0,tt10353504
Movie,Rangeela (telugu),2017,12.0,tt10353010
Short,Gone for a Moment,2017,7.0,tt10374550
Short,At the Crossroads Down Yonder,2018,6.0,tt10010676
Short,Selflove,2018,7.0,tt10010502
Short,The Day Dreams,2018,No Info,tt10010672
Short,Half the Battle,2018,11.0,tt10007932
Short,Irene & Tony's Fabulous Ice Cream Parlour,2018,No Info,tt10015092
Short,Five Months,2018,10.0,tt10014144
Short,Inspect The Unexpected,2018,6.0,tt10015330
Short,This Is Film Center,2018,5.0,tt10015278
Short,Robbers,2018,4.0,tt10015356
Movie,Forced Marriage,2018,2.0,tt10014042
Short,The Committee,2018,2.0,tt10016736
Short,Eat Up!,2018,No Info,tt10160594
Short,Deathstroke vs. Rai,2018,3.0,tt10162686
Short,Clark Zhu's Moving Pictures 2018: Movie Trailer Mashup,2018,12.0,tt10166782
Short,Take That Back,2018,11.0,tt10162868
Short,Unite,2018,10.0,tt10171174
Short,Out of Frame/Hors Champ,2018,11.0,tt10183604
Short,Nike Vapourfly - Bungee,2018,7.0,tt10196484
Short,Não Pare,2018,12.0,tt10198838
Short,Manja: Kite Thread,2018,No Info,tt10200032
Short,Coins,2018,11.0,tt10206982
Short,Operation Kingpin,2018,3.0,tt10217994
Short,Unlocked,2018,12.0,tt10234274
Short,Blood Money,2018,10.0,tt10241492
Short,The Sentinel,2018,6.0,tt10254166
Short,(3)4th Street Hunter,2018,5.0,tt10256084
Short,The White Bandit,2018,12.0,tt10272924
Short,Jeu de fille,2018,12.0,tt10276594
Short,The Butchery,2018,5.0,tt10177894
Short,Death and Tacos,2018,9.0,tt10177912
Movie,Bayi Gaib: Bayi Tumbal Bayi Mati,2018,2.0,tt10178972
Short,Garbage Men,2018,4.0,tt10181702
Short,Vault of the Macabre Presents the Witching Hour,2018,10.0,tt10182744
Short,Vault of the Macabre Presents the Christmas Witch,2018,12.0,tt10182752
Short,The Rapping,2018,12.0,tt10187270
Short,Cameron,2018,7.0,tt10186702
Movie,Kurokan,2018,8.0,tt10188148
Short,Cosmo,2018,No Info,tt10190804
Short,Keep Filming,2018,5.0,tt10195884
Short,A Bit About Love,2018,10.0,tt10195894
Short,Vendetta dig,2018,No Info,tt10199658
Short,Zombies Hate Fast Food,2018,No Info,tt10199660
Short,Shatter,2018,9.0,tt10203262
Short,00616: Transformation,2018,3.0,tt10202122
Short,Katabasis,2018,6.0,tt10218780
Short,Picnic,2018,8.0,tt10224108
Short,Do not watch this,2018,No Info,tt10303828
Short,Perfect Timing,2018,6.0,tt10015238
Short,The Bag,2018,1.0,tt10193330
Short,Schneidewege,2018,10.0,tt10196026
Short,Seventh Day,2018,10.0,tt10196678
Short,The Lesson of Theo Alazon,2018,3.0,tt10198936
Short,The Detritus Dinner of the Debonair,2018,8.0,tt10202966
Short,Found and Lost,2018,2.0,tt10208660
Short,The Nightmare Pill,2018,4.0,tt10207510
Movie,Killer in Law,2018,12.0,tt10207850
Movie,Bedaad,2018,No Info,tt10212512
Short,Doll,2018,6.0,tt10213104
Short,Karma,2018,11.0,tt10215156
Short,Mein Bhi,2018,12.0,tt10217830
Movie,Delfin Pentagon,2018,12.0,tt10214546
Short,A Beep in the Night,2018,12.0,tt10219418
Short,Sinner Road,2018,12.0,tt10217558
Short,Wild,2018,No Info,tt10218886
Short,Water Closet,2018,10.0,tt10218058
Short,You're on the Air,2018,12.0,tt10224344
Short,Tripped,2018,4.0,tt10234082
Short,Lost Dog,2018,6.0,tt10234622
Movie,The Essence,2018,4.0,tt10243958
Short,Dying Wish,2018,12.0,tt10249724
Short,Turntable,2018,10.0,tt10250582
Short,Best Friends,2018,No Info,tt10250412
Movie,Can't See Me Love You,2018,11.0,tt10252064
Short,Gwaai Jan 2,2018,7.0,tt10255464
Short,Look Behind,2018,10.0,tt10254154
Short,Death Kill,2018,11.0,tt10256190
Short,Exposure,2018,No Info,tt10262760
Short,Burbuila,2018,4.0,tt10263078
Short,Stygian,2018,5.0,tt10265742
Short,The Elevator,2018,4.0,tt10275338
Short,La Mula Herrada,2018,12.0,tt10275362
Movie,A Killer Awaits,2018,4.0,tt10274598
Short,Wolf in Sheep Clothes,2018,7.0,tt10283884
Movie,Il codice del babbuino,2018,5.0,tt10281564
Short,Hunted,2018,9.0,tt10293332
Short,La cajuela,2018,6.0,tt10294144
Short,Wrong Place Wrong Time,2018,5.0,tt10294466
Short,Tender,2019,4.0,tt10005966
Short,Cheyenne,2019,10.0,tt10010080
Short,Greta's Bed & Breakfast,2019,No Info,tt10010426
Short,Stay For The Weak,2019,10.0,tt10010352
Short,Anxiety,2019,1.0,tt10010034
Short,The Theology of Friendship,2019,6.0,tt10010178
Short,Memoria,2019,2.0,tt10007876
Short,It Could Be Worse,2019,No Info,tt10010652
Short,Bellingham,2019,8.0,tt10010626
Short,NRI Story,2019,5.0,tt10010072
Movie,Mesto!,2019,4.0,tt10007268
Movie,The Australian Dream,2019,8.0,tt10010368
Short,Chlorine,2019,6.0,tt10010720
Short,Freaky Forest,2019,6.0,tt10010698
Short,Winger,2019,5.0,tt10006822
Short,Viola,2019,8.0,tt10010448
Short,Andros,2019,No Info,tt10011172
Short,Laisse Yves tranquille,2019,3.0,tt10008984
Short,New Things,2019,5.0,tt10009474
Movie,Picture Character,2019,4.0,tt10011302
Short,Lisa,2019,2.0,tt10042132
Short,Adam and 3 Eves,2019,3.0,tt10041638
Short,Le lait magique,2019,No Info,tt10042496
Short,Ode to the Elements,2019,2.0,tt10042070
Short,Mind's Patterns,2019,1.0,tt10039148
Short,"X,",2019,4.0,tt10045060
Short,The Third Wish,2019,4.0,tt10047708
Movie,Bigfoot's Lament,2019,10.0,tt10050612
Short,The Visitor,2019,4.0,tt10065692
Short,Yard Sale,2019,6.0,tt10064546
Movie,Epokalipsa,2019,4.0,tt10064948
Short,A Vampire's Heartbreak,2019,10.0,tt10066032
Short,The Calling of the Things Beyond,2019,10.0,tt10066974
Short,Mørket Falder,2019,4.0,tt10069462
Movie,Seytan-i Ins,2019,3.0,tt10069476
Movie,Bunker of Blood 07: Killjoys Carnage Caravan,2019,3.0,tt10071462
Short,Hey Google,2019,3.0,tt10071980
Movie,The Game,2019,5.0,tt10073018
Short,Nitelife,2019,8.0,tt10074002
Short,Good Visit,2019,3.0,tt10074608
Short,Smothered,2019,5.0,tt10074684
Short,The Writer,2019,4.0,tt10076428
Short,The Cold,2019,3.0,tt10076312
Movie,Rahasyam,2019,2.0,tt10075078
Short,Chess and Laundry,2019,No Info,tt10065154
Movie,Made in Abyss: Hôrô Suru Tasogare,2019,1.0,tt10068544
Short,31st of Decembers,2019,5.0,tt10022480
Short,Bittersweet Goodbye,2019,3.0,tt10021744
Movie,The Protector,2019,2.0,tt10022384
Short,The Rolex,2019,No Info,tt10028156
Short,Una Hermosa Amistad,2019,3.0,tt10047966
Short,The Mirror,2019,2.0,tt10049182
Short,Killing Kate,2019,No Info,tt10048624
Movie,Mr Misfortune,2019,5.0,tt10050098
Movie,Therottam,2019,3.0,tt10050738
Movie,Staged Killer,2019,6.0,tt10048556
Short,The Dream,2019,10.0,tt10053998
Movie,Killing Your Daughter,2019,1.0,tt10051320
Movie,VI,2019,6.0,tt10054544
Short,The Last Story,2019,No Info,tt10056228
Short,Casa Limpa,2019,3.0,tt10056290
Short,Lullaby,2019,6.0,tt10052914
Movie,Vellaipookal,2019,4.0,tt10055770
Movie,L'oiseau de paradis,2020,5.0,tt10081788
Short,Man of the Harvest,2020,11.0,tt10086654
Short,Boundaries,2020,10.0,tt10089810
Movie,Adbhoot - ek dhandal saira vaira,2020,5.0,tt10092464
Short,Recover,2020,1.0,tt10093672
Movie,Lan Se Lie Che,2020,10.0,tt10097346
Movie,Sudba,2020,10.0,tt10097386
Movie,Lian Qu 1980,2020,10.0,tt10097470
Movie,Millennium Bugs,2020,No Info,tt10111180
Short,Zeen?,2020,9.0,tt10123682
Movie,Miss,2020,10.0,tt10123698
Movie,I Need You Dead!,2020,3.0,tt10122486
Movie,Scare Me,2020,10.0,tt10126434
Movie,Honesty Weekend,2020,2.0,tt10131028
Short,Teech and Bron,2020,4.0,tt10131078
Movie,Le voleur rose: Pink Thief,2020,8.0,tt10136110
Short,At the Back,2020,9.0,tt10135262
Short,Crystal Peak,2020,3.0,tt10398746
Movie,Gunfight at Silver Creek,2020,3.0,tt10398376
Movie,Two Paths One Road,2020,12.0,tt10402532
Movie,BAC Nord,2020,9.0,tt10404944
Movie,Taana,2020,1.0,tt10415510
Short,Downward Facing Dogs,2020,1.0,tt10417488
Movie,Superagente Makey,2020,7.0,tt10419566
Short,Pawns,2020,2.0,tt10432094
Movie,111 the Force,2020,5.0,tt10426006
Short,The Death Rally,2020,6.0,tt10436902
Movie,No Man's Land,2020,11.0,tt10449052
Short,Leafer,2020,7.0,tt10452082
Movie,Bound,2020,7.0,tt10457702
Movie,Balle perdue,2020,6.0,tt10456740
Short,When Fire Flies,2020,5.0,tt10461130
Movie,Catch of the Day 2: You Die at Dawn!,2020,6.0,tt10463692
Movie,Code of Thieves,2020,5.0,tt10466348
Short,The Hidden Ones,2020,8.0,tt10413324
Movie,Zona Seyl,2020,3.0,tt10413882
Short,Phoenix,2020,No Info,tt10422288
Short,The Cyclops Diet,2020,3.0,tt10440294
Movie,Nine Days,2020,1.0,tt10451852
Short,"Greetings, From The Planet Krog!",2020,1.0,tt10487352
Short,Zach King's Day Off,2020,3.0,tt10497272
Short,Ringloom,2020,10.0,tt10504100
Short,The Book Keeper,2020,No Info,tt10506974
Movie,Zheng tu,2020,7.0,tt10508838
Short,Soulless,2020,1.0,tt10523098
Movie,The Midnight Sky,2020,12.0,tt10539608
Short,The Kall,2020,2.0,tt10537866
Movie,The Main Event,2020,4.0,tt10540242
Short,Schlachten,2020,10.0,tt10423778
Movie,Doppel,2020,4.0,tt10423214
Movie,The Unborn,2020,5.0,tt10423074
Short,Killer Missionaries,2020,9.0,tt10431464
Movie,Sister Tempest,2020,3.0,tt10432140
Movie,Dead Voices,2020,7.0,tt10437542
Movie,The Nowhere Inn,2020,9.0,tt10441822
Short,Teething,2020,No Info,tt10444770
Short,Another Cabin Massacre,2020,10.0,tt10448728
Short,A Perfect Husband,2020,1.0,tt10448726
Short,The Edge of the River,2020,1.0,tt10448572
Short,Saturday the 14th,2020,3.0,tt10456224
Short,Seek,2020,10.0,tt10457404
Short,Sadece Iki Gün,2020,2.0,tt10461366
Movie,Bhoot: Part One - The Haunted Ship,2020,2.0,tt10463030
Movie,Teddy,2020,6.0,tt10469804
Movie,Redwood Massacre: Annihilation,2020,10.0,tt10473312
Short,The Orthodox,2020,No Info,tt10473254
Short,Gravidity,2020,10.0,tt10474336
Short,HBDTM,2020,2.0,tt10481988
Movie,Ofödda livsandar (Unborn Souls),2020,4.0,tt10477646
Short,Sloth,2020,1.0,tt10487126
Movie,Scream Birds - Attack of Nuclear Pigeons,2020,3.0,tt10489608
Movie,Scary Bride,2020,10.0,tt10498022
Movie,Shadow's Edge,2020,10.0,tt10505504
Short,Spyglass,2020,11.0,tt10505532
Movie,Krasnyy prizrak,2020,6.0,tt10508258
Short,The Hash-Slinging Slasher,2020,No Info,tt10507194
Movie,Revenge Ride,2020,6.0,tt10510416
Short,I Heart Lilly,2020,No Info,tt10515376
Short,Sven Gunnar,2020,3.0,tt10515598
Short,Full Bodied,2020,11.0,tt10516892
Movie,The Invisible Man,2020,3.0,tt1051906
Movie,Halloween Night,2020,3.0,tt10520218
Movie,Savage Creatures,2020,1.0,tt10523424
Short,Living with Honor,2020,2.0,tt10371248
Movie,Carnaval,2020,No Info,tt10394808
Movie,The Sound of The Wind,2020,5.0,tt10400198
Movie,Erotica 2022,2020,11.0,tt10399674
Short,Boat Ride at Last,2020,10.0,tt10403754
Short,Divertimento,2020,10.0,tt10417726
Movie,Good Samaritan,2020,10.0,tt10418846
Short,Gastropod,2020,No Info,tt10418578
Movie,Carmen Vidal Mujer Detective,2020,11.0,tt10433624
Movie,The Arsonist,2020,12.0,tt10436798
Short,NiteWing operation,2020,6.0,tt10462556
Short,Balnéothérapie,2020,7.0,tt10477470
Movie,My Sisters,2020,9.0,tt10477668
Movie,Romance in the Outfield: Double Play,2020,2.0,tt10408944
Short,Outside Your Door,2020,2.0,tt10409290
Movie,Ask Tesadüfleri Sever 2,2020,1.0,tt10420532
Short,Betrayal of Love,2020,3.0,tt10423468
Short,Through the Blinds,2020,9.0,tt10264282
Movie,8th Floor Massacre,2020,11.0,tt10269680
Movie,Weekend,2020,11.0,tt10276160
Short,Redemption,2020,2.0,tt10276678
Movie,Feral State,2020,5.0,tt10283902
Short,Green Cobra,2020,9.0,tt10283500
Short,Are We Good?,2020,3.0,tt10290470
Movie,Modelar,2020,2.0,tt10288320
Movie,A Killer Next Door,2020,7.0,tt10293308
Short,Seermass,2020,9.0,tt10293324
Short,Stickers,2020,10.0,tt10294022
Movie,Devour,2020,7.0,tt10294358
Short,He Devil,2020,No Info,tt10295208
Movie,Magic Mountains,2020,2.0,tt10295936
Short,Adullam,2020,8.0,tt10297798
Movie,A death in Peking,2020,No Info,tt10300708
Short,Fugitive Zero,2020,5.0,tt10300412
Short,Final Descent,2015,10.0,tt10080132
Short,Operation Pursuit,2015,11.0,tt10080156
Short,Flamenco Dancer's Revenge,2015,4.0,tt10080114
Short,The Dater,2015,9.0,tt11257434
Movie,Almas Ocultas,2015,10.0,tt11347914
Movie,Deception Obsession,2015,11.0,tt11379622
Short,Torture Porn,2015,No Info,tt11377044
Short,Being,2015,7.0,tt11384702
Movie,Palasik,2015,8.0,tt11538040
Short,Kernel in My Throat,2015,7.0,tt11547932
Movie,Penghuni Lain,2015,12.0,tt11548826
Movie,Tes Nyali,2015,3.0,tt11590158
Movie,Paranormal X,2015,6.0,tt11589692
Movie,Premortem,2015,10.0,tt11604338
Short,Another Curve,2015,No Info,tt11605694
Short,Continuity,2015,No Info,tt11628722
Short,Gnomes,2015,10.0,tt11639008
Short,"Me, my Selfie and I",2015,8.0,tt11657180
Short,My Dear Arthur,2015,4.0,tt11697102
Movie,Horror House,2015,3.0,tt11719594
Short,Casting Call,2015,6.0,tt11735930
Short,Pick Me Up,2015,10.0,tt11793684
Short,Knock Knock,2015,8.0,tt11793772
Short,Peekaboo,2015,10.0,tt11793956
Short,You're It,2015,10.0,tt11795754
Short,African Vampires Eddie Murphy,2015,1.0,tt11884012
Movie,Hagesu (Hantu Gendong Susu),2015,5.0,tt11887840
Short,Abduction,2015,2.0,tt10394334
Short,Imogen,2015,3.0,tt10073118
Short,Picture Perfect,2015,4.0,tt10073934
Movie,Waiting for the Boatman,2016,No Info,tt10023318
Movie,Deep Swimmer,2016,No Info,tt10023330
Short,Trade Off,2016,No Info,tt10027322
Short,Hospital Head Doctor,2016,8.0,tt10037190
Short,Best Man,2016,No Info,tt10036968
Short,Mc Mullin PD,2016,6.0,tt10288116
Short,"Yo nunca, nunca",2016,No Info,tt11753680
Short,Sighting,2016,10.0,tt11771344
Short,My Northwest Nightmare,2016,10.0,tt11791278
Short,ScareCam,2016,7.0,tt11793832
Short,Stay There,2016,10.0,tt11793888
Short,ChatGurl,2016,10.0,tt11794160
Movie,10 Cloverfield Lane,2016,3.0,tt1179933
Short,The Bachelor's Skull,2016,10.0,tt11809040
Short,Crypt TV's Bishop Takes Queen,2016,6.0,tt11815486
Short,Night Hike,2016,10.0,tt11827468
Movie,Pet,2016,12.0,tt1183374
Short,Don't Blink,2016,2.0,tt11858612
Short,Inflicted,2016,3.0,tt11878648
Short,Thats not me,2016,1.0,tt11910110
Short,Christmas Fever,2016,1.0,tt11910148
Short,Dumb Guy Meets Creepy Guy in the Woods,2016,8.0,tt11972088
Short,Knock,2016,5.0,tt10394930
Movie,Ataraxia,2016,No Info,tt10451248
Movie,Tausiyah Cinta,2016,1.0,tt10085844
Movie,Forbidden Sex Wet Dream,2016,11.0,tt10087474
Movie,Bare Skin,2016,No Info,tt10087478
Short,Cervantes Dogs,2016,10.0,tt10469744
Short,Reverse,2017,No Info,tt10008810
Short,The Ballet Exam,2017,10.0,tt10035124
Short,The Wolf of Guacotle,2017,4.0,tt10033594
Short,Buddy Cops!,2017,10.0,tt10036736
Movie,Shao nv tian shi,2017,7.0,tt10038738
Movie,Grilled,2017,3.0,tt10203032
Movie,Corazones en Llamas 3,2017,11.0,tt10202644
Short,Civil War,2017,3.0,tt10215332
Short,Civil War 2: Resurrection,2017,10.0,tt10215360
Movie,Chalo Chalo Dubai Chalo,2017,No Info,tt10218974
Short,Time Management,2017,6.0,tt10222376
Short,Le Temps d'un Souffle,2017,7.0,tt10230546
Short,Pollen,2017,5.0,tt10260930
Short,Emerge,2017,3.0,tt10292914
Short,Felix Culpa - Happy Fault,2017,6.0,tt10302938
Short,Tobias: Los videos perdidos,2017,3.0,tt10318568
Short,Anamnesis of the Divine,2017,No Info,tt10318564
Short,Stripping with Confetti,2017,No Info,tt10318582
Short,Fruit Town,2017,1.0,tt10340890
Short,El hombre del traje,2017,6.0,tt10355286
Short,Dreamstone,2017,10.0,tt10405892
Short,Sisyphus,2017,No Info,tt10410242
Short,Bolue Vience,2017,11.0,tt10417100
Movie,Tango Mask,2017,5.0,tt10417922
Short,Nowhere,2017,12.0,tt10423974
Short,The Little Cloud,2017,No Info,tt10449978
Short,The Molecule,2017,8.0,tt10456880
Movie,The Shonku Diaries - A Unicorn Adventure,2017,11.0,tt10467292
Short,Journey to the Darkness,2017,4.0,tt10419654
Short,The Hole,2017,12.0,tt10441666
Movie,Funeral Wake,2017,4.0,tt10449424
Short,Se busca niñera,2017,No Info,tt10456016
Movie,Gui jing,2017,8.0,tt10462848
Short,Convergence,2017,7.0,tt10462896
Movie,Xue san xiong ling,2017,2.0,tt10462814
Short,La escenita,2017,No Info,tt10470546
Short,Fear of the Dark,2017,8.0,tt10489234
Short,Baskasi,2017,9.0,tt10492664
Short,Follower at Dusk,2017,11.0,tt10498966
Short,Give Me Kill,2017,3.0,tt10502466
Short,Uno para Camila,2017,1.0,tt10504074
Short,Cold Read,2017,10.0,tt10508916
Short,Housekeeping,2017,1.0,tt10513568
Short,Full House,2017,10.0,tt10514604
Short,Special Delivery,2017,2.0,tt10598590
Short,Night of the Vampire,2017,4.0,tt10607244
Short,The Faceless Menace,2017,12.0,tt10653348
Short,Cultos,2017,3.0,tt10662736
Short,Innocent Souls,2017,11.0,tt10666450
Short,Dearest Dolly,2017,7.0,tt10675508
Short,Forbidden Woods,2017,8.0,tt10680530
Short,Return of Pumpkin Man,2017,7.0,tt10680506
Short,Hotssss Tub Party,2017,8.0,tt10680808
Short,That Whore,2017,8.0,tt10681200
Short,Trampoline Terror,2017,8.0,tt10681148
Short,The Possession of Marcella,2017,8.0,tt10680646
Short,The Dark One,2017,7.0,tt10680468
Short,A Nightmare on Orme Road,2017,8.0,tt10681226
Short,The Doll Teaser,2017,8.0,tt10681244
Short,Pizza Man,2017,9.0,tt10681704
Short,Axe Man,2017,9.0,tt10681702
Short,The Corn Stalker,2017,10.0,tt10681762
Movie,Meow,2017,12.0,tt10686470
Short,Deer Hunter,2017,11.0,tt10691550
Short,The Puppetmaster,2017,5.0,tt10691952
Short,5 Nights of Terror,2017,10.0,tt10691272
Short,Rats,2017,11.0,tt10691380
Short,Japón 2084,2017,3.0,tt10461578
Short,Akif,2018,7.0,tt10010330
Short,Dream Expo,2018,No Info,tt10010638
Movie,Turtle,2018,7.0,tt10010814
Short,Past Due,2018,10.0,tt10010994
Short,Flamboyante,2018,3.0,tt10011656
Short,22,2018,9.0,tt10010772
Short,Asphalt Saints,2018,No Info,tt10009344
Short,Skin Deep,2018,12.0,tt10021014
Short,Starcasters!,2018,12.0,tt10022258
Short,Freddy,2018,12.0,tt10022766
Short,The Big Pop,2018,5.0,tt10026726
Short,Phebe's Crush,2018,9.0,tt10028630
Short,Shed,2018,9.0,tt10029026
Short,The Supreme Court,2018,10.0,tt10032562
Short,Artificial Intelligence,2018,1.0,tt10033636
Short,Guest Star,2018,No Info,tt10292966
Short,Gone Sightseeing,2018,4.0,tt10298182
Short,In the Palace,2018,4.0,tt10298054
Short,Confront your destiny,2018,5.0,tt10299844
Short,1918: A Dark Tome Story,2018,10.0,tt10312782
Short,Valencia,2018,8.0,tt10314074
Short,Don't Be So Trashy!,2018,No Info,tt10319618
Short,El Charro,2018,1.0,tt10318670
Short,Frames,2018,9.0,tt10316392
Movie,El Encanto de la Oscuridad: Parte 2,2018,8.0,tt10322784
Movie,Shen hai ju yao 2,2018,9.0,tt10324120
Short,Burn for You,2018,8.0,tt10326756
Short,Eidolon,2018,11.0,tt10255812
Short,uBizo,2018,10.0,tt10252588
Short,Let Me Out,2018,9.0,tt10260858
Short,Graveyard Shift,2018,5.0,tt10264088
Short,Nowhere to Run,2018,10.0,tt10267050
Short,Bait,2018,No Info,tt10268280
Movie,Monster Pool: Chapter Four,2018,10.0,tt10270944
Short,Hide & Seek,2018,11.0,tt10280602
Short,Gags: Terror Surrounds You,2018,6.0,tt10278790
Short,Psyche,2018,4.0,tt10296734
Short,Paranoia Doce,2018,12.0,tt10299606
Short,Para siempre,2018,10.0,tt10306136
Short,Boo.mp4,2018,12.0,tt10318762
Short,Tata,2018,4.0,tt10317920
Short,Too Dumb to Live,2018,6.0,tt10323130
Short,Santa Claws,2018,12.0,tt10323102
Movie,Anthaku Minchi,2018,8.0,tt10326264
Short,Inside the Human Lab,2018,5.0,tt10328678
Movie,Suspiria,2018,11.0,tt1034415
Short,Enigma-One,2018,No Info,tt10348880
Movie,Mayonaka no kaidan geinô kakukai no saikyô jitsuwa 17-hen,2018,3.0,tt10350960
Short,Residual,2018,10.0,tt10357598
Short,The Cavern,2018,12.0,tt10355870
Short,The Used,2018,12.0,tt10359704
Short,Paranormal RV,2018,11.0,tt10364412
Movie,Chinnada Gombe,2018,3.0,tt10368582
Movie,Qaranliq,2018,4.0,tt10309212
Short,Billionaire,2018,No Info,tt10305540
Short,The Stiletto Departure,2018,12.0,tt10305860
Short,Dead Lift,2018,5.0,tt10313874
Short,The Ride,2018,No Info,tt10318874
Short,Last Night,2018,12.0,tt10322886
Movie,Hacker's Game redux,2018,4.0,tt10322172
Short,1986,2018,4.0,tt10328884
Movie,After Dark- Part One,2018,No Info,tt10331476
Short,Laceworms,2018,10.0,tt10341620
Short,Digression,2018,5.0,tt10340884
Short,Lang zal ze leven,2018,6.0,tt10339276
Short,The Walk Reloaded,2018,No Info,tt10348846
Short,XXY?,2018,10.0,tt10348898
Short,A Service to My Gender,2018,12.0,tt10351010
Short,The Words of the Trees,2018,No Info,tt10352868
Short,Whistleblower,2018,7.0,tt10361258
Short,Suspect,2018,12.0,tt10361602
Short,Seinfeld II,2018,1.0,tt10363716
Movie,Easter Egg,2018,11.0,tt10366132
Short,Against Time,2018,10.0,tt10369654
Short,Beyond Repair,2018,11.0,tt10373752
Short,"Yesterday, Tomorrow",2018,2.0,tt10378256
Short,He's Mine,2019,6.0,tt10011782
Short,Afganistanii,2019,4.0,tt10009368
Short,Something,2019,4.0,tt10008772
Movie,Bull,2019,5.0,tt10008784
Short,St. Louis Superman,2019,2.0,tt10009148
Movie,Family Obligations,2019,6.0,tt10009434
Movie,Lucky Grandma,2019,5.0,tt10011336
Short,The Silver Lining,2019,3.0,tt10013166
Short,Agente Secret,2019,3.0,tt10011976
Movie,Encrypted: The Cyber Crime,2019,5.0,tt10009878
Short,iParent,2019,5.0,tt10011610
Short,Irish Splash,2019,3.0,tt10012688
Movie,Out and About Movie 2: Las Vegas Adventure,2019,8.0,tt10013072
Short,How Father Lawrence Briefly Considered a Career in Landscaping,2019,3.0,tt10010836
Short,Under Cover Comic,2019,3.0,tt10010790
Short,The Right Reasons,2019,3.0,tt10009332
Short,Uncertainship,2019,3.0,tt10014328
Short,Girls Gone Camping,2019,10.0,tt10014508
Short,The Keyboard Warrior,2019,11.0,tt10032774
Movie,The Struggle,2019,8.0,tt10038028
Movie,Bring Me the Head of Jade Brooks,2019,12.0,tt10037312
Short,Hunted,2019,3.0,tt10039400
Short,Hi Facebook,2019,3.0,tt10042002
Movie,"In Our Blood - El Legado, Jorge Lorenzo",2019,3.0,tt10041958
Short,Reapers - First Strike,2019,4.0,tt10041480
Short,Nano,2019,3.0,tt10042036
Short,Weird City: Beast Mode,2019,3.0,tt10043054
Movie,Mystified,2019,3.0,tt10050274
Short,Toth: When I Awoke,2019,3.0,tt10055866
Movie,Dharmaprabhu,2019,6.0,tt10056510
Short,Thirsty,2019,9.0,tt10055160
Movie,The Knight Before Christmas,2019,11.0,tt10060094
Movie,Unmadiyude Maranam,2019,1.0,tt10062474
Short,Little Boy,2019,9.0,tt10064094
Movie,Meathook Massacre: The Final Chapter,2019,6.0,tt10077706
Short,Poppycock,2019,No Info,tt10077636
Short,Spitting Image,2019,8.0,tt10078826
Movie,Moon of the Blood Beast,2019,6.0,tt10078664
Short,Quitter,2019,3.0,tt10079814
Movie,Deadly Playthings,2019,7.0,tt10078894
Short,Black Ice,2019,4.0,tt10081446
Short,The Veil,2019,No Info,tt10086844
Short,A Woman's Gift,2019,5.0,tt10085422
Short,Shiver,2019,4.0,tt10086294
Short,Russian sleep experiment,2019,3.0,tt10087656
Short,Alien: Ore,2019,4.0,tt10090626
Short,Darker Skies,2019,3.0,tt10091348
Short,The Devil's Harmony,2019,4.0,tt10093862
Short,Luna di morte,2019,3.0,tt10094278
Short,Herman,2019,5.0,tt10092616
Movie,Rive-Sud Origine,2019,4.0,tt10072442
Short,Thief,2019,No Info,tt10076098
Movie,Santamaria,2019,4.0,tt10081728
Short,30 Days a Week,2019,2.0,tt10085840
Short,Surprise,2019,No Info,tt10082716
Short,Come Together,2019,No Info,tt10086852
Short,Beyond the Leaves,2019,10.0,tt10087630
Short,On the Way,2019,2.0,tt10089692
Movie,Huaquero: Profano de las Sombras,2019,1.0,tt10091514
Short,Tap Tap Tap,2019,6.0,tt10038254
Short,Une fille et des garçons,2019,No Info,tt10039726
Movie,Between Maybes,2019,5.0,tt10044704
Short,Geethanjali,2019,3.0,tt10041808
Movie,O Olho e a Faca,2019,6.0,tt10062650
Short,Whiteout,2019,4.0,tt10063022
Short,The Office Is Mine,2019,8.0,tt10060930
Short,Circadia,2019,6.0,tt10064952
Movie,Ningen shikkaku: Dazai Osamu to 3-nin no onnatachi,2019,9.0,tt10065976
Short,Out of the Forest,2019,3.0,tt10065998
Short,Paralelos,2019,No Info,tt10069142
Short,She's Waiting,2019,2.0,tt10070716
Short,My Secret,2019,3.0,tt10066354
Short,Play Me,2019,10.0,tt10070310
Short,The Force of Nature,2019,9.0,tt10073120
Short,Buffalo and Trout,2019,10.0,tt10073880
Short,Skeletons,2020,6.0,tt10098776
Movie,La dona il·legal,2020,5.0,tt10101806
Movie,Blindfire,2020,11.0,tt10103028
Movie,Berliner,2020,10.0,tt10102402
Movie,The Forgotten,2020,1.0,tt10102746
Short,Dependence,2020,2.0,tt10105488
Movie,Apples,2020,No Info,tt10110614
Short,Jericho,2020,No Info,tt10106540
Short,The Burning of Mary,2020,6.0,tt10107260
Short,Road Runner,2020,2.0,tt10109698
Movie,Askedager,2020,No Info,tt10112032
Short,Love Sex Soprano,2020,11.0,tt10111546
Short,Bombs Bursting in Air,2020,No Info,tt10115320
Movie,Schwesterlein,2020,10.0,tt10117768
Short,Toxic,2020,11.0,tt10116384
Short,Analog Rainbow,2020,4.0,tt10120260
Movie,A Arte de Morrer Longe,2020,8.0,tt10121110
Movie,Mother's Child,2020,5.0,tt10123970
Short,The Peace of Wild Things,2020,No Info,tt10125954
Short,Adnan,2020,2.0,tt10123128
Movie,Gondi,2020,2.0,tt10122618
Short,From Gringo to Grave,2020,2.0,tt10125722
Movie,Fishing and Fishermen's Conversations,2020,9.0,tt10127760
Movie,Maryjki,2020,8.0,tt10132068
Short,One Last Time,2020,10.0,tt10131182
Short,Shades of the Ranebo,2020,4.0,tt10151804
Short,Red,2020,1.0,tt10150776
Movie,"Wanda, mein Wunder",2020,10.0,tt10152722
Movie,Fjols til Fjells,2020,2.0,tt10157810
Movie,The Prom,2020,12.0,tt10161886
Movie,Fair Haven,2020,9.0,tt10166648
Short,Rebirth,2020,1.0,tt10167478
Movie,Gli infedeli,2020,7.0,tt10168672
Short,Fantasy,2020,2.0,tt10165742
Short,Tyler,2020,4.0,tt10171474
Short,Pink Pool,2020,1.0,tt10174310
Short,Huida del Nido,2020,No Info,tt10171574
Short,Achan and Ezra,2020,4.0,tt10182460
Short,The Love Prank,2020,No Info,tt10182416
Short,Last Trial: A Star Wars Collateral Story,2020,No Info,tt10477482
Movie,Steel Rain 2,2020,7.0,tt10516176
Short,Lil' Balzac 2,2020,No Info,tt10520114
Movie,Queen of the Trap House,2020,12.0,tt10530090
Short,El Borracho: El vino viejo es el más peleón,2020,1.0,tt10533822
Short,City Rush,2020,1.0,tt10535026
Movie,Agnee 3,2020,2.0,tt10538822
Movie,Bou - The Wife,2020,12.0,tt10540386
Movie,Genadeloos 2: Amber,2020,10.0,tt10542186
Short,Virtue,2020,9.0,tt10551180
Short,Buddy Cops; The Stakeout,2020,1.0,tt10553722
Movie,Commandos: The Mission,2020,4.0,tt10558706
Movie,My Name Is Raja,2020,3.0,tt10580094
Movie,Mag Mel Evil,2020,1.0,tt10546004
Short,Moonchild,2020,No Info,tt10548316
Movie,Pungo: A Witch's Tale,2020,4.0,tt10554196
Movie,Aliens and Dragons,2020,No Info,tt10563708
Movie,Edahlion: Le Royaume Orphelin,2020,1.0,tt10563658
Movie,Eiga Doraemon: Nobita no shin kyôryû,2020,8.0,tt10588750
Short,Raya,2020,9.0,tt10589784
Movie,In the Mirror,2020,11.0,tt10590568
Short,Gumi,2020,6.0,tt10595430
Movie,ArchDemons: When the Devil Comes to Town,2020,No Info,tt10597224
Movie,We Can Be Heroes,2020,12.0,tt10600398
Short,Neon Cowboy,2020,7.0,tt10601650
Short,Enchanted,2020,10.0,tt10603284
Short,The Elder Guardians,2020,1.0,tt10619672
Short,Roll Initiative,2020,10.0,tt10626796
Short,Cuatro Espinas,2020,6.0,tt10646370
Movie,Rasskazhi mne skazku,2020,4.0,tt10674672
Movie,La nuée,2020,6.0,tt10675724
Short,Night of The Living Dead Girl,2020,10.0,tt10680106
Short,Death of Sam Wolf,2020,10.0,tt10687290
Movie,Princezna zakletá v case,2020,9.0,tt10687740
Movie,About Her,2020,12.0,tt10692936
Movie,DNA Killer,2020,2.0,tt10696018
Movie,L.O.R.D: Legend of Ravaging Dynasties 2,2020,12.0,tt10701926
Short,Pale Moonlight,2020,1.0,tt10555300
Movie,Awful Silence,2020,12.0,tt10556464
Movie,Rapunzels Fluch,2020,8.0,tt10560846
Movie,Non-living,2020,10.0,tt10562658
Short,Field of Screams,2020,5.0,tt10563848
Short,Tea Time,2020,8.0,tt10578848
Short,Mirrors,2020,8.0,tt10575546
Short,Variant,2020,9.0,tt10586578
Short,Mushi,2020,8.0,tt10589904
Movie,Don't Speak,2020,10.0,tt10590458
Short,Cravings,2020,No Info,tt10601218
Short,Rotten,2020,3.0,tt10601112
Short,Getaway,2020,10.0,tt10606330
Short,Zozo,2020,No Info,tt10607720
Movie,Cyst,2020,10.0,tt10611992
Movie,Faking a Murderer,2020,8.0,tt10612478
Short,Lower World,2020,10.0,tt10612708
Movie,Extraterrestrial Tapes II,2020,1.0,tt10622560
Short,Face Your Fears,2020,2.0,tt10618948
Movie,#Saraitda,2020,9.0,tt10620868
Short,Metaland,2020,6.0,tt10634156
Short,Pendene Vrases,2020,2.0,tt10636526
Short,Such Small Hands,2020,No Info,tt10638898
Short,Catfish Killer,2020,2.0,tt10637766
Movie,The House On Misty Lane: Chapter One,2020,1.0,tt10642206
Movie,The Haunting of Margam Castle,2020,9.0,tt10648146
Movie,Beyond the Shadows,2020,4.0,tt10652734
Movie,El-Deccur,2020,3.0,tt10659224
Movie,Sacrilege,2020,3.0,tt10660954
Movie,Slashlorette Party,2020,No Info,tt10665040
Short,The Walk,2020,No Info,tt10665640
Short,Alchemia,2020,2.0,tt10665752
Short,Gem and the Photo Op,2020,No Info,tt10670434
Short,What If I Didn't?,2020,12.0,tt10671244
Movie,Abominable,2020,10.0,tt10674930
Movie,Last Call,2020,3.0,tt10681266
Movie,Heads or Tails,2020,1.0,tt10681242
Short,My Son,2020,1.0,tt10689318
Movie,The Source of Shadows,2020,4.0,tt10695464
Short,Snooze,2020,4.0,tt10694980
Movie,Inland,2020,10.0,tt10500534
Short,Vernissage,2020,2.0,tt10504078
Movie,Kol,2020,11.0,tt10530176
Movie,La donna dello smartphone,2020,3.0,tt10536144
Short,Mrs. Novak,2020,9.0,tt10549708
Movie,Slender Man: Origins,2020,4.0,tt10551346
Short,Mr.7533's last two options,2020,3.0,tt10560762
Short,Dilemma,2020,No Info,tt10616318
Short,Rakkauden Tähden Huomisesta eiliseen,2020,No Info,tt10619370
Movie,Influence,2020,2.0,tt10627710
Short,Ana et les flammes,2020,2.0,tt10655910
Short,L'Autre Maison,2020,No Info,tt10655908
Short,Fersu,2020,6.0,tt10662430
Short,Keep Warm,2020,10.0,tt10436976
Movie,Biz Böyleyiz,2020,1.0,tt10441806
Short,My Time with Joe,2020,9.0,tt10444158
Short,Entre-deux,2020,2.0,tt10453758
Short,Strings,2020,2.0,tt10453988
Movie,Été 85,2020,9.0,tt10457128
Movie,Present Still Perfect,2020,3.0,tt10456640
Movie,Shanghai Cinderella,2020,12.0,tt10462412
Movie,Chocolate Kiss,2020,2.0,tt10458950
Short,Who Can Predict What Will Move You,2020,2.0,tt10464702
Movie,Yarn,2020,8.0,tt10467054
Short,Inn Love,2020,11.0,tt10471520
Short,Take Care of Me,2020,2.0,tt10475624
Movie,The Lion Rock,2020,1.0,tt10481968
Movie,Life After Love,2020,No Info,tt10482808
Movie,Opposite Direction,2020,3.0,tt10485538
Movie,Sage of Time,2020,8.0,tt10485148
Movie,Erotic Fire of the Unattainable,2020,5.0,tt10489754
Movie,Shoot To Marry,2020,1.0,tt10487428
Movie,Nasipse Olur,2020,2.0,tt10497568
Movie,Gold Coast Lounge,2020,1.0,tt10508774
Short,Beer! Beer!,2020,6.0,tt10517706
Short,Feeling Flush,2020,4.0,tt10519532
Short,Sukar,2020,6.0,tt10523510
Movie,Serebryanye konki,2020,6.0,tt10525672
Short,The Loyal Man,2020,2.0,tt10537332
Movie,Ginny Weds Sunny,2020,10.0,tt10543680
Movie,Five Ivory Hearts,2020,2.0,tt10544024
Short,Red Flags,2020,2.0,tt10545588
Short,Esther's Choice,2020,10.0,tt10549654
Short,Grim Reaper Inc.,2020,No Info,tt10309924
Short,Lonely Hearts,2020,10.0,tt10315034
Movie,Crawl to Me Darling,2020,11.0,tt10326918
Short,La noche del cocodrilo,2020,9.0,tt10326776
Movie,Discovery rose,2020,6.0,tt10330998
Movie,Alone,2020,1.0,tt10332854
Movie,6 Hours,2020,No Info,tt10337582
Short,Mongrel,2020,No Info,tt10339732
Short,Cold Call,2020,No Info,tt10337704
Short,8 ball,2020,5.0,tt10359336
Short,Lush Life,2020,4.0,tt10359222
Short,One Last Thing,2020,No Info,tt10360616
Movie,Im toten Winkel,2020,3.0,tt10366464
Movie,Paper Tiger,2020,8.0,tt10365730
Movie,Rebirth,2020,2.0,tt10369332
Short,Cherry Swamp Road,2020,5.0,tt10369880
